,year,name,movie,genre,age
0,1927,Janet Gaynor ‡,7th Heaven,F,
1,1927,Janet Gaynor ‡,Street Angel,F,
2,1927,Janet Gaynor ‡,Sunrise: A Song of Two Humans,F,
3,1927,Louise Dresser,A Ship Comes In,F,
4,1927,Gloria Swanson,Sadie Thompson,F,
5,1928,Mary Pickford ‡,Coquette,F,
6,1928,Ruth Chatterton,Madame X,F,
7,1928,Betty Compson,The Barker,F,
8,1928,Jeanne Eagels †,The Letter,F,
9,1928,Corinne Griffith,The Divine Lady,F,
10,1928,Bessie Love,The Broadway Melody,F,
0,1929,Norma Shearer ‡[A],The Divorcee,F,
1,1929,Nancy Carroll,The Devil's Holiday,F,
2,1929,Ruth Chatterton,Sarah and Son,F,
3,1929,Greta Garbo[A],Anna Christie,F,
4,1929,Greta Garbo[A],Romance,F,
5,1929,Norma Shearer,Their Own Desire,F,
6,1929,Gloria Swanson,The Trespasser,F,
7,1930,Marie Dressler ‡,Min and Bill,F,
8,1930,Marlene Dietrich,Morocco,F,
9,1930,Irene Dunne,Cimarron,F,
10,1930,Ann Harding,Holiday,F,
11,1930,Norma Shearer,A Free Soul,F,
12,1931,Helen Hayes ‡,The Sin of Madelon Claudet,F,
13,1931,Marie Dressler,Emma,F,
14,1931,Lynn Fontanne,The Guardsman,F,
15,1932,Katharine Hepburn ‡,Morning Glory,F,
16,1932,May Robson,Lady for a Day,F,
17,1932,Diana Wynyard,Cavalcade,F,
18,1934,Claudette Colbert ‡,It Happened One Night,F,
19,1934,Grace Moore,One Night of Love,F,
20,1934,Norma Shearer,The Barretts of Wimpole Street,F,
21,1934,Bette Davis (Write-in)[B],Of Human Bondage,F,
22,1935,Bette Davis ‡,Dangerous,F,
23,1935,Elisabeth Bergner,Escape Me Never,F,
24,1935,Claudette Colbert,Private Worlds,F,
25,1935,Katharine Hepburn,Alice Adams,F,
26,1935,Miriam Hopkins,Becky Sharp,F,
27,1935,Merle Oberon,The Dark Angel,F,
28,1936,Luise Rainer ‡,The Great Ziegfeld,F,
29,1936,Irene Dunne,Theodora Goes Wild,F,
30,1936,Gladys George,Valiant Is the Word for Carrie,F,
31,1936,Carole Lombard,My Man Godfrey,F,
32,1936,Norma Shearer,Romeo and Juliet,F,
33,1937,Luise Rainer ‡,The Good Earth,F,
34,1937,Irene Dunne,The Awful Truth,F,
35,1937,Greta Garbo,Camille,F,
36,1937,Janet Gaynor,A Star Is Born,F,
37,1937,Barbara Stanwyck,Stella Dallas,F,
38,1938,Bette Davis ‡,Jezebel,F,
39,1938,Fay Bainter,White Banners,F,
40,1938,Wendy Hiller,Pygmalion,F,
41,1938,Norma Shearer,Marie Antoinette,F,
42,1938,Margaret Sullavan,Three Comrades,F,
43,1939,Vivien Leigh ‡,Gone with the Wind,F,
44,1939,Bette Davis,Dark Victory,F,
45,1939,Irene Dunne,Love Affair,F,
46,1939,Greta Garbo,Ninotchka,F,
47,1939,Greer Garson,"Goodbye, Mr. Chips",F,
0,1940,Ginger Rogers ‡,Kitty Foyle,F,
1,1940,Bette Davis,The Letter,F,
2,1940,Joan Fontaine,Rebecca,F,
3,1940,Katharine Hepburn,The Philadelphia Story,F,
4,1940,Martha Scott,Our Town,F,
5,1941,Joan Fontaine ‡,Suspicion,F,
6,1941,Bette Davis,The Little Foxes,F,
7,1941,Olivia de Havilland,Hold Back the Dawn,F,
8,1941,Greer Garson,Blossoms in the Dust,F,
9,1941,Barbara Stanwyck,Ball of Fire,F,
10,1942,Greer Garson ‡,Mrs. Miniver,F,
11,1942,Bette Davis,"Now, Voyager",F,
12,1942,Katharine Hepburn,Woman of the Year,F,
13,1942,Rosalind Russell,My Sister Eileen,F,
14,1942,Teresa Wright,The Pride of the Yankees,F,
15,1943,Jennifer Jones ‡,The Song of Bernadette,F,
16,1943,Jean Arthur,The More the Merrier,F,
17,1943,Ingrid Bergman,For Whom the Bell Tolls,F,
18,1943,Joan Fontaine,The Constant Nymph,F,
19,1943,Greer Garson,Madame Curie,F,
20,1944,Ingrid Bergman ‡,Gaslight,F,
21,1944,Claudette Colbert,Since You Went Away,F,
22,1944,Bette Davis,Mr. Skeffington,F,
23,1944,Greer Garson,Mrs. Parkington,F,
24,1944,Barbara Stanwyck,Double Indemnity,F,
25,1945,Joan Crawford ‡,Mildred Pierce,F,
26,1945,Ingrid Bergman,The Bells of St. Mary's,F,
27,1945,Greer Garson,The Valley of Decision,F,
28,1945,Jennifer Jones,Love Letters,F,
29,1945,Gene Tierney,Leave Her to Heaven,F,
30,1946,Olivia de Havilland ‡,To Each His Own,F,
31,1946,Celia Johnson,Brief Encounter,F,
32,1946,Jennifer Jones,Duel in the Sun,F,
33,1946,Rosalind Russell,Sister Kenny,F,
34,1946,Jane Wyman,The Yearling,F,
35,1947,Loretta Young ‡,The Farmer's Daughter,F,
36,1947,Joan Crawford,Possessed,F,
37,1947,Susan Hayward,"Smash-Up, the Story of a Woman",F,
38,1947,Dorothy McGuire,Gentleman's Agreement,F,
39,1947,Rosalind Russell,Mourning Becomes Electra,F,
40,1948,Jane Wyman ‡,Johnny Belinda,F,
41,1948,Ingrid Bergman,Joan of Arc,F,
42,1948,Olivia de Havilland,The Snake Pit,F,
43,1948,Irene Dunne,I Remember Mama,F,
44,1948,Barbara Stanwyck,"Sorry, Wrong Number",F,
45,1949,Olivia de Havilland ‡,The Heiress,F,
46,1949,Jeanne Crain,Pinky,F,
47,1949,Susan Hayward,My Foolish Heart,F,
48,1949,Deborah Kerr,"Edward, My Son",F,
49,1949,Loretta Young,Come to the Stable,F,
0,1950,Judy Holliday ‡,Born Yesterday,F,
1,1950,Anne Baxter,All About Eve,F,
2,1950,Bette Davis,All About Eve,F,
3,1950,Eleanor Parker,Caged,F,
4,1950,Gloria Swanson,Sunset Boulevard,F,
5,1951,Vivien Leigh ‡,A Streetcar Named Desire,F,
6,1951,Katharine Hepburn,The African Queen,F,
7,1951,Eleanor Parker,Detective Story,F,
8,1951,Shelley Winters,A Place in the Sun,F,
9,1951,Jane Wyman,The Blue Veil,F,
10,1952,Shirley Booth ‡,"Come Back, Little Sheba",F,
11,1952,Joan Crawford,Sudden Fear,F,
12,1952,Bette Davis,The Star,F,
13,1952,Julie Harris,The Member of the Wedding,F,
14,1952,Susan Hayward,With a Song in My Heart,F,
15,1953,Audrey Hepburn ‡,Roman Holiday,F,
16,1953,Leslie Caron,Lili,F,
17,1953,Ava Gardner,Mogambo,F,
18,1953,Deborah Kerr,From Here to Eternity,F,
19,1953,Maggie McNamara,The Moon Is Blue,F,
20,1954,Grace Kelly ‡,The Country Girl,F,
21,1954,Dorothy Dandridge,Carmen Jones,F,
22,1954,Judy Garland,A Star Is Born,F,
23,1954,Audrey Hepburn,Sabrina,F,
24,1954,Jane Wyman,Magnificent Obsession,F,
25,1955,Anna Magnani ‡,The Rose Tattoo,F,
26,1955,Susan Hayward,I'll Cry Tomorrow,F,
27,1955,Katharine Hepburn,Summertime,F,
28,1955,Jennifer Jones,Love is a Many-Splendored Thing,F,
29,1955,Eleanor Parker,Interrupted Melody,F,
30,1956,Ingrid Bergman ‡,Anastasia,F,
31,1956,Carroll Baker,Baby Doll,F,
32,1956,Katharine Hepburn,The Rainmaker,F,
33,1956,Nancy Kelly,The Bad Seed,F,
34,1956,Deborah Kerr,The King and I,F,
35,1957,Joanne Woodward ‡,The Three Faces of Eve,F,
36,1957,Deborah Kerr,"Heaven Knows, Mr. Allison",F,
37,1957,Anna Magnani,Wild Is the Wind,F,
38,1957,Elizabeth Taylor,Raintree County,F,
39,1957,Lana Turner,Peyton Place,F,
40,1958,Susan Hayward ‡,I Want to Live!,F,
41,1958,Deborah Kerr,Separate Tables,F,
42,1958,Shirley MacLaine,Some Came Running,F,
43,1958,Rosalind Russell,Auntie Mame,F,
44,1958,Elizabeth Taylor,Cat on a Hot Tin Roof,F,
45,1959,Simone Signoret ‡,Room at the Top,F,
46,1959,Doris Day,Pillow Talk,F,
47,1959,Audrey Hepburn,The Nun's Story,F,
48,1959,Katharine Hepburn,"Suddenly, Last Summer",F,
49,1959,Elizabeth Taylor,"Suddenly, Last Summer",F,
0,1960,Elizabeth Taylor ‡,BUtterfield 8,F,
1,1960,Greer Garson,Sunrise at Campobello,F,
2,1960,Deborah Kerr,The Sundowners,F,
3,1960,Shirley MacLaine,The Apartment,F,
4,1960,Melina Mercouri,Never on Sunday,F,
5,1961,Sophia Loren ‡,Two Women[40],F,
6,1961,Audrey Hepburn,Breakfast at Tiffany's,F,
7,1961,Piper Laurie,The Hustler,F,
8,1961,Geraldine Page,Summer and Smoke,F,
9,1961,Natalie Wood,Splendor in the Grass,F,
10,1962,Anne Bancroft ‡,The Miracle Worker,F,
11,1962,Bette Davis,What Ever Happened to Baby Jane?,F,
12,1962,Katharine Hepburn,Long Day's Journey into Night,F,
13,1962,Geraldine Page,Sweet Bird of Youth,F,
14,1962,Lee Remick,Days of Wine and Roses,F,
15,1963,Patricia Neal ‡,Hud,F,
16,1963,Leslie Caron,The L-Shaped Room,F,
17,1963,Shirley MacLaine,Irma la Douce,F,
18,1963,Rachel Roberts,This Sporting Life,F,
19,1963,Natalie Wood,Love with the Proper Stranger,F,
20,1964,Julie Andrews ‡,Mary Poppins,F,
21,1964,Anne Bancroft,The Pumpkin Eater,F,
22,1964,Sophia Loren,Marriage Italian Style,F,
23,1964,Debbie Reynolds,The Unsinkable Molly Brown,F,
24,1964,Kim Stanley,Séance on a Wet Afternoon,F,
25,1965,Julie Christie ‡,Darling,F,
26,1965,Julie Andrews,The Sound of Music,F,
27,1965,Samantha Eggar,The Collector,F,
28,1965,Elizabeth Hartman,A Patch of Blue,F,
29,1965,Simone Signoret,Ship of Fools,F,
30,1966,Elizabeth Taylor ‡,Who's Afraid of Virginia Woolf?,F,
31,1966,Anouk Aimée,A Man and a Woman,F,
32,1966,Ida Kamińska,The Shop on Main Street,F,
33,1966,Lynn Redgrave,Georgy Girl,F,
34,1966,Vanessa Redgrave,Morgan!,F,
35,1967,Katharine Hepburn ‡,Guess Who's Coming to Dinner,F,
36,1967,Anne Bancroft,The Graduate,F,
37,1967,Faye Dunaway,Bonnie and Clyde,F,
38,1967,Edith Evans,The Whisperers,F,
39,1967,Audrey Hepburn,Wait Until Dark,F,
40,1968,Katharine Hepburn ‡ (TIE) [C],The Lion in Winter,F,
41,1968,Barbra Streisand ‡ (TIE) [C],Funny Girl,F,
42,1968,Patricia Neal,The Subject Was Roses,F,
43,1968,Vanessa Redgrave,Isadora,F,
44,1968,Joanne Woodward,"Rachel, Rachel",F,
45,1969,Maggie Smith ‡,The Prime of Miss Jean Brodie,F,
46,1969,Geneviève Bujold,Anne of the Thousand Days,F,
47,1969,Jane Fonda,"They Shoot Horses, Don't They?",F,
48,1969,Liza Minnelli,The Sterile Cuckoo,F,
49,1969,Jean Simmons,The Happy Ending,F,
0,1970,Glenda Jackson ‡,Women in Love,F,
1,1970,Jane Alexander,The Great White Hope,F,
2,1970,Ali MacGraw,Love Story,F,
3,1970,Sarah Miles,Ryan's Daughter,F,
4,1970,Carrie Snodgress,Diary of a Mad Housewife,F,
5,1971,Jane Fonda ‡,Klute,F,
6,1971,Julie Christie,McCabe & Mrs. Miller,F,
7,1971,Glenda Jackson,Sunday Bloody Sunday,F,
8,1971,Vanessa Redgrave,"Mary, Queen of Scots",F,
9,1971,Janet Suzman,Nicholas and Alexandra,F,
10,1972,Liza Minnelli ‡,Cabaret,F,
11,1972,Diana Ross,Lady Sings the Blues,F,
12,1972,Maggie Smith,Travels with My Aunt,F,
13,1972,Cicely Tyson,Sounder,F,
14,1972,Liv Ullmann,The Emigrants,F,
15,1973,Glenda Jackson ‡,A Touch of Class,F,
16,1973,Ellen Burstyn,The Exorcist,F,
17,1973,Marsha Mason,Cinderella Liberty,F,
18,1973,Barbra Streisand,The Way We Were,F,
19,1973,Joanne Woodward,"Summer Wishes, Winter Dreams",F,
20,1974,Ellen Burstyn ‡,Alice Doesn't Live Here Anymore,F,
21,1974,Diahann Carroll,Claudine,F,
22,1974,Faye Dunaway,Chinatown,F,
23,1974,Valerie Perrine,Lenny,F,
24,1974,Gena Rowlands,A Woman Under the Influence,F,
25,1975,Louise Fletcher ‡,One Flew Over the Cuckoo's Nest,F,
26,1975,Isabelle Adjani,The Story of Adele H.,F,
27,1975,Ann-Margret,Tommy,F,
28,1975,Glenda Jackson,Hedda,F,
29,1975,Carol Kane,Hester Street,F,
30,1976,Faye Dunaway ‡,Network,F,
31,1976,Marie-Christine Barrault,Cousin Cousine,F,
32,1976,Talia Shire,Rocky,F,
33,1976,Sissy Spacek,Carrie,F,
34,1976,Liv Ullmann,Face to Face,F,
35,1977,Diane Keaton ‡,Annie Hall,F,
36,1977,Anne Bancroft,The Turning Point,F,
37,1977,Jane Fonda,Julia,F,
38,1977,Shirley MacLaine,The Turning Point,F,
39,1977,Marsha Mason,The Goodbye Girl,F,
40,1978,Jane Fonda ‡,Coming Home,F,
41,1978,Ingrid Bergman,Autumn Sonata,F,
42,1978,Ellen Burstyn,"Same Time, Next Year",F,
43,1978,Jill Clayburgh,An Unmarried Woman,F,
44,1978,Geraldine Page,Interiors,F,
45,1979,Sally Field ‡,Norma Rae,F,
46,1979,Jill Clayburgh,Starting Over,F,
47,1979,Jane Fonda,The China Syndrome,F,
48,1979,Marsha Mason,Chapter Two,F,
49,1979,Bette Midler,The Rose,F,
0,1980,Sissy Spacek ‡,Coal Miner's Daughter,F,
1,1980,Ellen Burstyn,Resurrection,F,
2,1980,Goldie Hawn,Private Benjamin,F,
3,1980,Mary Tyler Moore,Ordinary People,F,
4,1980,Gena Rowlands,Gloria,F,
5,1981,Katharine Hepburn ‡,On Golden Pond,F,
6,1981,Diane Keaton,Reds,F,
7,1981,Marsha Mason,Only When I Laugh,F,
8,1981,Susan Sarandon,Atlantic City,F,
9,1981,Meryl Streep,The French Lieutenant's Woman,F,
10,1982,Meryl Streep ‡,Sophie's Choice,F,
11,1982,Julie Andrews,Victor/Victoria,F,
12,1982,Jessica Lange,Frances,F,
13,1982,Sissy Spacek,Missing,F,
14,1982,Debra Winger,An Officer and a Gentleman,F,
15,1983,Shirley MacLaine ‡,Terms of Endearment,F,
16,1983,Jane Alexander,Testament,F,
17,1983,Meryl Streep,Silkwood,F,
18,1983,Julie Walters,Educating Rita,F,
19,1983,Debra Winger,Terms of Endearment,F,
20,1984,Sally Field ‡,Places in the Heart,F,
21,1984,Judy Davis,A Passage to India,F,
22,1984,Jessica Lange,Country,F,
23,1984,Vanessa Redgrave,The Bostonians,F,
24,1984,Sissy Spacek,The River,F,
25,1985,Geraldine Page ‡,The Trip to Bountiful,F,
26,1985,Anne Bancroft,Agnes of God,F,
27,1985,Whoopi Goldberg,The Color Purple,F,
28,1985,Jessica Lange,Sweet Dreams,F,
29,1985,Meryl Streep,Out of Africa,F,
30,1986,Marlee Matlin ‡,Children of a Lesser God,F,
31,1986,Jane Fonda,The Morning After,F,
32,1986,Sissy Spacek,Crimes of the Heart,F,
33,1986,Kathleen Turner,Peggy Sue Got Married,F,
34,1986,Sigourney Weaver,Aliens,F,
35,1987,Cher ‡,Moonstruck,F,
36,1987,Glenn Close,Fatal Attraction,F,
37,1987,Holly Hunter,Broadcast News,F,
38,1987,Sally Kirkland,Anna,F,
39,1987,Meryl Streep,Ironweed,F,
40,1988,Jodie Foster ‡,The Accused,F,
41,1988,Glenn Close,Dangerous Liaisons,F,
42,1988,Melanie Griffith,Working Girl,F,
43,1988,Meryl Streep,A Cry in the Dark,F,
44,1988,Sigourney Weaver,Gorillas in the Mist,F,
45,1989,Jessica Tandy ‡,Driving Miss Daisy,F,
46,1989,Isabelle Adjani,Camille Claudel,F,
47,1989,Pauline Collins,Shirley Valentine,F,
48,1989,Jessica Lange,Music Box,F,
49,1989,Michelle Pfeiffer,The Fabulous Baker Boys,F,
0,1990,Kathy Bates ‡,Misery,F,
1,1990,Anjelica Huston,The Grifters,F,
2,1990,Julia Roberts,Pretty Woman,F,
3,1990,Meryl Streep,Postcards from the Edge,F,
4,1990,Joanne Woodward,Mr. & Mrs. Bridge,F,
5,1991,Jodie Foster ‡,The Silence of the Lambs,F,
6,1991,Geena Davis,Thelma & Louise,F,
7,1991,Laura Dern,Rambling Rose,F,
8,1991,Bette Midler,For the Boys,F,
9,1991,Susan Sarandon,Thelma & Louise,F,
10,1992,Emma Thompson ‡,Howards End,F,
11,1992,Catherine Deneuve,Indochine,F,
12,1992,Mary McDonnell,Passion Fish,F,
13,1992,Michelle Pfeiffer,Love Field,F,
14,1992,Susan Sarandon,Lorenzo's Oil,F,
15,1993,Holly Hunter ‡,The Piano,F,
16,1993,Angela Bassett,What's Love Got to Do with It,F,
17,1993,Stockard Channing,Six Degrees of Separation,F,
18,1993,Emma Thompson,The Remains of the Day,F,
19,1993,Debra Winger,Shadowlands,F,
20,1994,Jessica Lange ‡,Blue Sky,F,
21,1994,Jodie Foster,Nell,F,
22,1994,Miranda Richardson,Tom & Viv,F,
23,1994,Winona Ryder,Little Women,F,
24,1994,Susan Sarandon,The Client,F,
25,1995,Susan Sarandon ‡,Dead Man Walking,F,
26,1995,Elisabeth Shue,Leaving Las Vegas,F,
27,1995,Sharon Stone,Casino,F,
28,1995,Meryl Streep,The Bridges of Madison County,F,
29,1995,Emma Thompson,Sense and Sensibility,F,
30,1996,Frances McDormand ‡,Fargo,F,
31,1996,Brenda Blethyn,Secrets & Lies,F,
32,1996,Diane Keaton,Marvin's Room,F,
33,1996,Kristin Scott Thomas,The English Patient,F,
34,1996,Emily Watson,Breaking the Waves,F,
35,1997,Helen Hunt ‡,As Good as It Gets,F,
36,1997,Helena Bonham Carter,The Wings of the Dove,F,
37,1997,Julie Christie,Afterglow,F,
38,1997,Judi Dench,Mrs Brown,F,
39,1997,Kate Winslet,Titanic,F,
40,1998,Gwyneth Paltrow ‡,Shakespeare in Love,F,
41,1998,Cate Blanchett,Elizabeth,F,
42,1998,Fernanda Montenegro,Central Station,F,
43,1998,Meryl Streep,One True Thing,F,
44,1998,Emily Watson,Hilary and Jackie,F,
45,1999,Hilary Swank ‡,Boys Don't Cry,F,
46,1999,Annette Bening,American Beauty,F,
47,1999,Janet McTeer,Tumbleweeds,F,
48,1999,Julianne Moore,The End of the Affair,F,
49,1999,Meryl Streep,Music of the Heart,F,
0,2000,Julia Roberts ‡,Erin Brockovich,F,
1,2000,Joan Allen,The Contender,F,
2,2000,Juliette Binoche,Chocolat,F,
3,2000,Ellen Burstyn,Requiem for a Dream,F,
4,2000,Laura Linney,You Can Count on Me,F,
5,2001,Halle Berry ‡,Monster's Ball,F,
6,2001,Judi Dench,Iris,F,
7,2001,Nicole Kidman,Moulin Rouge!,F,
8,2001,Sissy Spacek,In the Bedroom,F,
9,2001,Renée Zellweger,Bridget Jones's Diary,F,
10,2002,Nicole Kidman ‡,The Hours,F,
11,2002,Salma Hayek,Frida,F,
12,2002,Diane Lane,Unfaithful,F,
13,2002,Julianne Moore,Far from Heaven,F,
14,2002,Renée Zellweger,Chicago,F,
15,2003,Charlize Theron ‡,Monster,F,
16,2003,Keisha Castle-Hughes,Whale Rider,F,
17,2003,Diane Keaton,Something's Gotta Give,F,
18,2003,Samantha Morton,In America,F,
19,2003,Naomi Watts,21 Grams,F,
20,2004,Hilary Swank ‡,Million Dollar Baby,F,
21,2004,Annette Bening,Being Julia,F,
22,2004,Catalina Sandino Moreno,Maria Full of Grace,F,
23,2004,Imelda Staunton,Vera Drake,F,
24,2004,Kate Winslet,Eternal Sunshine of the Spotless Mind,F,
25,2005,Reese Witherspoon ‡,Walk the Line,F,
26,2005,Judi Dench,Mrs Henderson Presents,F,
27,2005,Felicity Huffman,Transamerica,F,
28,2005,Keira Knightley,Pride & Prejudice,F,
29,2005,Charlize Theron,North Country,F,
30,2006,Helen Mirren ‡,The Queen,F,
31,2006,Penélope Cruz,Volver,F,
32,2006,Judi Dench,Notes on a Scandal,F,
33,2006,Meryl Streep,The Devil Wears Prada,F,
34,2006,Kate Winslet,Little Children,F,
35,2007,Marion Cotillard ‡,La Vie en Rose,F,
36,2007,Cate Blanchett,Elizabeth: The Golden Age,F,
37,2007,Julie Christie,Away from Her,F,
38,2007,Laura Linney,The Savages,F,
39,2007,Elliot Page[D],Juno,F,
40,2008,Kate Winslet ‡,The Reader,F,
41,2008,Anne Hathaway,Rachel Getting Married,F,
42,2008,Angelina Jolie,Changeling,F,
43,2008,Melissa Leo,Frozen River,F,
44,2008,Meryl Streep,Doubt,F,
45,2009,Sandra Bullock ‡,The Blind Side,F,
46,2009,Helen Mirren,The Last Station,F,
47,2009,Carey Mulligan,An Education,F,
48,2009,Gabourey Sidibe,Precious,F,
49,2009,Meryl Streep,Julie & Julia,F,
0,2010,Natalie Portman ‡,Black Swan,F,
1,2010,Annette Bening,The Kids Are All Right,F,
2,2010,Nicole Kidman,Rabbit Hole,F,
3,2010,Jennifer Lawrence,Winter's Bone,F,
4,2010,Michelle Williams,Blue Valentine,F,
5,2011,Meryl Streep ‡,The Iron Lady,F,
6,2011,Glenn Close,Albert Nobbs,F,
7,2011,Viola Davis,The Help,F,
8,2011,Rooney Mara,The Girl with the Dragon Tattoo,F,
9,2011,Michelle Williams,My Week with Marilyn,F,
10,2012,Jennifer Lawrence ‡,Silver Linings Playbook,F,
11,2012,Jessica Chastain,Zero Dark Thirty,F,
12,2012,Emmanuelle Riva,Amour,F,
13,2012,Quvenzhané Wallis,Beasts of the Southern Wild,F,
14,2012,Naomi Watts,The Impossible,F,
15,2013,Cate Blanchett ‡,Blue Jasmine,F,
16,2013,Amy Adams,American Hustle,F,
17,2013,Sandra Bullock,Gravity,F,
18,2013,Judi Dench,Philomena,F,
19,2013,Meryl Streep,August: Osage County,F,
20,2014,Julianne Moore ‡,Still Alice,F,
21,2014,Marion Cotillard,"Two Days, One Night",F,
22,2014,Felicity Jones,The Theory of Everything,F,
23,2014,Rosamund Pike,Gone Girl,F,
24,2014,Reese Witherspoon,Wild,F,
25,2015,Brie Larson ‡,Room,F,
26,2015,Cate Blanchett,Carol,F,
27,2015,Jennifer Lawrence,Joy,F,
28,2015,Charlotte Rampling,45 Years,F,
29,2015,Saoirse Ronan,Brooklyn,F,
30,2016,Emma Stone ‡,La La Land,F,
31,2016,Isabelle Huppert,Elle,F,
32,2016,Ruth Negga,Loving,F,
33,2016,Natalie Portman,Jackie,F,
34,2016,Meryl Streep,Florence Foster Jenkins,F,
35,2017,Frances McDormand ‡,"Three Billboards Outside Ebbing, Missouri",F,
36,2017,Sally Hawkins,The Shape of Water,F,
37,2017,Margot Robbie,"I, Tonya",F,
38,2017,Saoirse Ronan,Lady Bird,F,
39,2017,Meryl Streep,The Post,F,
40,2018,Olivia Colman ‡,The Favourite,F,
41,2018,Yalitza Aparicio,Roma,F,
42,2018,Glenn Close,The Wife,F,
43,2018,Lady Gaga,A Star Is Born,F,
44,2018,Melissa McCarthy,Can You Ever Forgive Me?,F,
45,2019,Renée Zellweger ‡,Judy,F,
46,2019,Cynthia Erivo,Harriet,F,
47,2019,Scarlett Johansson,Marriage Story,F,
48,2019,Saoirse Ronan,Little Women,F,
49,2019,Charlize Theron,Bombshell,F,
0,2020,Frances McDormand ‡,Nomadland,F,
1,2020,Viola Davis,Ma Rainey's Black Bottom,F,
2,2020,Andra Day,The United States vs. Billie Holiday,F,
3,2020,Vanessa Kirby,Pieces of a Woman,F,
4,2020,Carey Mulligan,Promising Young Woman,F,
5,2021,Jessica Chastain ‡,The Eyes of Tammy Faye,F,
6,2021,Olivia Colman,The Lost Daughter,F,
7,2021,Penélope Cruz,Parallel Mothers,F,
8,2021,Nicole Kidman,Being the Ricardos,F,
9,2021,Kristen Stewart,Spencer,F,
10,2022,Michelle Yeoh ‡,Everything Everywhere All at Once,F,
11,2022,Cate Blanchett,Tár,F,
12,2022,Ana de Armas,Blonde,F,
13,2022,Andrea Riseborough,To Leslie,F,
14,2022,Michelle Williams,The Fabelmans,F,
15,2023,Annette Bening,Nyad,F,
16,2023,Lily Gladstone,Killers of the Flower Moon,F,
17,2023,Sandra Hüller,Anatomy of a Fall,F,
18,2023,Carey Mulligan,Maestro,F,
19,2023,Emma Stone,Poor Things,F,
0,1929,Janet Gaynor,"Seventh Heaven, Street Angel and Sunrise: A Song of Two Humans",F,22.0
1,1930,Mary Pickford,Coquette,F,37.0
2,1931,Norma Shearer,The Divorcee	,F,28.0
3,1932,Marie Dressler,Min and Bill,F,63.0
4,1933,Helen Hayes,The Sin of Madelon Claudet	,F,32.0
5,1934,Katharine Hepburn,Morning Glory,F,26.0
6,1935,Claudette Colbert,It Happened One Night,F,31.0
7,1936,Bette Davis,Dangerous,F,27.0
8,1937,Luise Rainer,The Great Ziegfeld,F,27.0
9,1938,Luise Rainer,The Good Earth,F,28.0
10,1939,Bette Davis,Jezebel,F,30.0
11,1940,Vivien Leigh,Gone with the Wind,F,26.0
12,1941,Ginger Rogers,Kitty Foyle,F,29.0
13,1942,Joan Fontaine,Suspicion	,F,24.0
14,1943,Greer Garson,Mrs. Miniver,F,38.0
15,1944,Jennifer Jones,The Song of Bernadette,F,25.0
16,1945,Ingrid Bergman,Gaslight,F,29.0
17,1946,Joan Crawford,Mildred Pierce,F,40.0
18,1947,Olivia de Havilland,To Each His Own,F,30.0
19,1948,Loretta Young,The Farmer's Daughter,F,35.0
20,1949,Jane Wyman,Johnny Belinda,F,32.0
21,1950,Olivia de Havilland,The Heiress,F,33.0
22,1951,Judy Holliday,Born Yesterday,F,29.0
23,1952,Vivien Leigh,A Streetcar Named Desire,F,38.0
24,1953,Shirley Booth,"Come Back, Little Sheba",F,54.0
25,1954,Audrey Hepburn,Roman Holiday,F,24.0
26,1955,Grace Kelly,The Country Girl,F,25.0
27,1956,Anna Magnani,The Rose Tattoo,F,48.0
28,1957,Ingrid Bergman,Anastasia,F,41.0
29,1958,Joanne Woodward,The Three Faces of Eve,F,28.0
30,1959,Susan Hayward,I Want to Live!,F,41.0
31,1960,Simone Signoret,Room at the Top,F,39.0
32,1961,Elizabeth Taylor,BUtterfield 8,F,29.0
33,1962,Sophia Loren,Two Women,F,27.0
34,1963,Anne Bancroft,The Miracle Worker,F,31.0
35,1964,Patricia Neal,Hud,F,31.0
36,1965,Julie Andrews,Mary Poppins,F,29.0
37,1966,Julie Christie,Darling,F,25.0
38,1967,Elizabeth Taylor,Who's Afraid of Virginia Woolf?,F,35.0
39,1968,Katharine Hepburn,Guess Who's Coming to Dinner,F,60.0
40,1969,Katharine Hepburn,The Lion in Winter,F,61.0
41,1970,Barbra Streisand,Funny Girl,F,26.0
42,1971,Maggie Smith,The Prime of Miss Jean Brodie,F,35.0
43,1972,Glenda Jackson,Women in Love,F,34.0
44,1973,Jane Fonda,Klute,F,34.0
45,1974,Liza Minnelli,Cabaret,F,27.0
46,1975,Glenda Jackson,A Touch of Class,F,37.0
47,1976,Ellen Burstyn,Alice Doesn't Live Here Anymore	,F,42.0
48,1977,Louise Fletcher,One Flew Over the Cuckoo's Nest,F,41.0
49,1978,Faye Dunaway,Network,F,36.0
50,1979,Diane Keaton,Annie Hall,F,32.0
51,1980,Jane Fonda,Coming Home,F,41.0
52,1981,Sally Field,Norma Rae,F,33.0
53,1982,Sissy Spacek,Coal Miner's Daughter	,F,31.0
54,1983,Katharine Hepburn,On Golden Pond,F,74.0
55,1984,Meryl Streep,Sophie's Choice,F,33.0
56,1985,Shirley MacLaine,Terms of Endearment	,F,49.0
57,1986,Sally Field,Places in the Heart,F,38.0
58,1987,Geraldine Page,The Trip to Bountiful	,F,61.0
59,1988,Marlee Matlin,Children of a Lesser God,F,21.0
60,1989,Cher,Moonstruck,F,41.0
61,1990,Jodie Foster,The Accused,F,26.0
62,1991,Jessica Tandy,Driving Miss Daisy,F,80.0
63,1992,Kathy Bates,Misery,F,42.0
64,1993,Jodie Foster,The Silence of the Lambs,F,29.0
65,1994,Emma Thompson,Howards End,F,33.0
66,1995,Holly Hunter,The Piano,F,36.0
67,1996,Jessica Lange,Blue Sky,F,45.0
68,1997,Susan Sarandon,Dead Man Walking,F,49.0
69,1998,Frances McDormand,Fargo,F,39.0
70,1999,Helen Hunt,As Good as It Gets,F,34.0
71,2000,Gwyneth Paltrow,Shakespeare in Love,F,26.0
72,2001,Hilary Swank,Boys Don't Cry,F,25.0
73,2002,Julia Roberts,Erin Brockovich,F,33.0
74,2003,Halle Berry,Monster's Ball,F,35.0
75,2004,Nicole Kidman,The Hours,F,35.0
76,2005,Charlize Theron,Monster,F,28.0
77,2006,Hilary Swank,Million Dollar Baby,F,30.0
78,2007,Reese Witherspoon,Walk the Line,F,29.0
79,2008,Helen Mirren,The Queen,F,61.0
80,2009,Marion Cotillard,La Vie en rose,F,32.0
81,2010,Kate Winslet,The Reader,F,33.0
82,2011,Sandra Bullock,The Blind Side,F,45.0
83,2012,Natalie Portman,Black Swan,F,29.0
84,2013,Meryl Streep,The Iron Lady,F,62.0
85,2014,Jennifer Lawrence,Silver Linings Playbook,F,22.0
86,2015,Cate Blanchett,Blue Jasmine,F,44.0
87,2016,Julianne Moore,Still Alice,F,54.0
88,2017,Brie Larson,Room,F,26.0
0,1927,Emil Jannings ‡[A],The Last Command,M,
1,1927,Emil Jannings ‡[A],The Way of All Flesh,M,
2,1927,Richard Barthelmess,The Noose,M,
3,1927,Richard Barthelmess,The Patent Leather Kid,M,
4,1927,Charlie Chaplin[B],The Circus,M,
5,1928,Warner Baxter ‡,In Old Arizona,M,
6,1928,George Bancroft,Thunderbolt,M,
7,1928,Chester Morris,Alibi,M,
8,1928,Paul Muni,The Valiant,M,
9,1928,Lewis Stone,The Patriot,M,
0,1929,George Arliss ‡[C],Disraeli,M,
1,1929,George Arliss,The Green Goddess,M,
2,1929,Wallace Beery,The Big House,M,
3,1929,Maurice Chevalier [C],The Big Pond,M,
4,1929,Maurice Chevalier [C],The Love Parade,M,
5,1929,Ronald Colman [C],Bulldog Drummond,M,
6,1929,Ronald Colman [C],Condemned,M,
7,1929,Lawrence Tibbett,The Rogue Song,M,
8,1930,Lionel Barrymore ‡,A Free Soul,M,
9,1930,Jackie Cooper,Skippy,M,
10,1930,Richard Dix,Cimarron,M,
11,1930,Fredric March,The Royal Family of Broadway,M,
12,1930,Adolphe Menjou,The Front Page,M,
13,1931,Wallace Beery ‡ (Tie) [D],The Champ,M,
14,1931,Fredric March ‡ (Tie) [D],Dr. Jekyll and Mr. Hyde,M,
15,1931,Alfred Lunt,The Guardsman,M,
16,1932,Charles Laughton ‡,The Private Life of Henry VIII,M,
17,1932,Leslie Howard,Berkeley Square,M,
18,1932,Paul Muni,I Am a Fugitive from a Chain Gang,M,
19,1934,Clark Gable ‡,It Happened One Night,M,
20,1934,Frank Morgan,The Affairs of Cellini,M,
21,1934,William Powell,The Thin Man,M,
22,1935,Victor McLaglen ‡,The Informer,M,
23,1935,Clark Gable,Mutiny on the Bounty,M,
24,1935,Charles Laughton,Mutiny on the Bounty,M,
25,1935,Franchot Tone,Mutiny on the Bounty,M,
26,1935,Paul Muni (Write-in)[E],Black Fury,M,
27,1936,Paul Muni ‡,The Story of Louis Pasteur,M,
28,1936,Gary Cooper,Mr. Deeds Goes to Town,M,
29,1936,Walter Huston,Dodsworth,M,
30,1936,William Powell,My Man Godfrey,M,
31,1936,Spencer Tracy,San Francisco,M,
32,1937,Spencer Tracy ‡,Captains Courageous,M,
33,1937,Charles Boyer,Conquest,M,
34,1937,Fredric March,A Star Is Born,M,
35,1937,Robert Montgomery,Night Must Fall,M,
36,1937,Paul Muni,The Life of Emile Zola,M,
37,1938,Spencer Tracy ‡,Boys Town,M,
38,1938,Charles Boyer,Algiers,M,
39,1938,James Cagney,Angels with Dirty Faces,M,
40,1938,Robert Donat,The Citadel,M,
41,1938,Leslie Howard,Pygmalion,M,
42,1939,Robert Donat ‡,"Goodbye, Mr. Chips",M,
43,1939,Clark Gable,Gone with the Wind,M,
44,1939,Laurence Olivier,Wuthering Heights,M,
45,1939,Mickey Rooney,Babes in Arms,M,
46,1939,James Stewart,Mr. Smith Goes to Washington,M,
0,1940,James Stewart ‡,The Philadelphia Story,M,
1,1940,Charlie Chaplin,The Great Dictator,M,
2,1940,Henry Fonda,The Grapes of Wrath,M,
3,1940,Raymond Massey,Abe Lincoln in Illinois,M,
4,1940,Laurence Olivier,Rebecca,M,
5,1941,Gary Cooper ‡,Sergeant York,M,
6,1941,Cary Grant,Penny Serenade,M,
7,1941,Walter Huston,The Devil and Daniel Webster,M,
8,1941,Robert Montgomery,Here Comes Mr. Jordan,M,
9,1941,Orson Welles,Citizen Kane,M,
10,1942,James Cagney ‡,Yankee Doodle Dandy,M,
11,1942,Ronald Colman,Random Harvest,M,
12,1942,Gary Cooper,The Pride of the Yankees,M,
13,1942,Walter Pidgeon,Mrs. Miniver,M,
14,1942,Monty Woolley,The Pied Piper,M,
15,1943,Paul Lukas ‡,Watch on the Rhine,M,
16,1943,Humphrey Bogart,Casablanca,M,
17,1943,Gary Cooper,For Whom the Bell Tolls,M,
18,1943,Walter Pidgeon,Madame Curie,M,
19,1943,Mickey Rooney,The Human Comedy,M,
20,1944,Bing Crosby ‡,Going My Way,M,
21,1944,Charles Boyer,Gaslight,M,
22,1944,Barry Fitzgerald [F],Going My Way,M,
23,1944,Cary Grant,None but the Lonely Heart,M,
24,1944,Alexander Knox,Wilson,M,
25,1945,Ray Milland ‡,The Lost Weekend,M,
26,1945,Bing Crosby,The Bells of St. Mary's,M,
27,1945,Gene Kelly,Anchors Aweigh,M,
28,1945,Gregory Peck,The Keys of the Kingdom,M,
29,1945,Cornel Wilde,A Song to Remember,M,
30,1946,Fredric March ‡,The Best Years of Our Lives,M,
31,1946,Laurence Olivier,Henry V,M,
32,1946,Larry Parks,The Jolson Story,M,
33,1946,Gregory Peck,The Yearling,M,
34,1946,James Stewart,It's a Wonderful Life,M,
35,1947,Ronald Colman ‡,A Double Life,M,
36,1947,John Garfield,Body and Soul,M,
37,1947,Gregory Peck,Gentleman's Agreement,M,
38,1947,William Powell,Life with Father,M,
39,1947,Michael Redgrave,Mourning Becomes Electra,M,
40,1948,Laurence Olivier ‡,Hamlet,M,
41,1948,Lew Ayres,Johnny Belinda,M,
42,1948,Montgomery Clift,The Search,M,
43,1948,Dan Dailey,When My Baby Smiles at Me,M,
44,1948,Clifton Webb,Sitting Pretty,M,
45,1949,Broderick Crawford ‡,All the King's Men,M,
46,1949,Kirk Douglas,Champion,M,
47,1949,Gregory Peck,Twelve O'Clock High,M,
48,1949,Richard Todd,The Hasty Heart,M,
49,1949,John Wayne,Sands of Iwo Jima,M,
0,1950,José Ferrer ‡,Cyrano de Bergerac,M,
1,1950,Louis Calhern,The Magnificent Yankee,M,
2,1950,William Holden,Sunset Boulevard,M,
3,1950,James Stewart,Harvey,M,
4,1950,Spencer Tracy,Father of the Bride,M,
5,1951,Humphrey Bogart ‡,The African Queen,M,
6,1951,Marlon Brando,A Streetcar Named Desire,M,
7,1951,Montgomery Clift,A Place in the Sun,M,
8,1951,Arthur Kennedy,Bright Victory,M,
9,1951,Fredric March,Death of a Salesman,M,
10,1952,Gary Cooper ‡,High Noon,M,
11,1952,Marlon Brando,Viva Zapata!,M,
12,1952,Kirk Douglas,The Bad and the Beautiful,M,
13,1952,José Ferrer,Moulin Rouge,M,
14,1952,Alec Guinness,The Lavender Hill Mob,M,
15,1953,William Holden ‡,Stalag 17,M,
16,1953,Marlon Brando,Julius Caesar,M,
17,1953,Richard Burton,The Robe,M,
18,1953,Montgomery Clift,From Here to Eternity,M,
19,1953,Burt Lancaster,From Here to Eternity,M,
20,1954,Marlon Brando ‡,On the Waterfront,M,
21,1954,Humphrey Bogart,The Caine Mutiny,M,
22,1954,Bing Crosby,The Country Girl,M,
23,1954,James Mason,A Star Is Born,M,
24,1954,Dan O'Herlihy,Robinson Crusoe,M,
25,1955,Ernest Borgnine ‡,Marty,M,
26,1955,James Cagney,Love Me or Leave Me,M,
27,1955,James Dean †,East of Eden,M,
28,1955,Frank Sinatra,The Man with the Golden Arm,M,
29,1955,Spencer Tracy,Bad Day at Black Rock,M,
30,1956,Yul Brynner ‡,The King and I,M,
31,1956,James Dean †,Giant,M,
32,1956,Kirk Douglas,Lust for Life,M,
33,1956,Rock Hudson,Giant,M,
34,1956,Laurence Olivier,Richard III,M,
35,1957,Alec Guinness ‡,The Bridge on the River Kwai,M,
36,1957,Marlon Brando,Sayonara,M,
37,1957,Anthony Franciosa,A Hatful of Rain,M,
38,1957,Charles Laughton,Witness for the Prosecution,M,
39,1957,Anthony Quinn,Wild Is the Wind,M,
40,1958,David Niven ‡,Separate Tables,M,
41,1958,Tony Curtis,The Defiant Ones,M,
42,1958,Paul Newman,Cat on a Hot Tin Roof,M,
43,1958,Sidney Poitier,The Defiant Ones,M,
44,1958,Spencer Tracy,The Old Man and the Sea,M,
45,1959,Charlton Heston ‡,Ben-Hur,M,
46,1959,Laurence Harvey,Room at the Top,M,
47,1959,Jack Lemmon,Some Like It Hot,M,
48,1959,Paul Muni,The Last Angry Man,M,
49,1959,James Stewart,Anatomy of a Murder,M,
0,1960,Burt Lancaster ‡,Elmer Gantry,M,
1,1960,Trevor Howard,Sons and Lovers,M,
2,1960,Jack Lemmon,The Apartment,M,
3,1960,Laurence Olivier,The Entertainer,M,
4,1960,Spencer Tracy,Inherit the Wind,M,
5,1961,Maximilian Schell ‡,Judgment at Nuremberg,M,
6,1961,Charles Boyer,Fanny,M,
7,1961,Paul Newman,The Hustler,M,
8,1961,Spencer Tracy,Judgment at Nuremberg,M,
9,1961,Stuart Whitman,The Mark,M,
10,1962,Gregory Peck ‡,To Kill a Mockingbird,M,
11,1962,Burt Lancaster,Birdman of Alcatraz,M,
12,1962,Jack Lemmon,Days of Wine and Roses,M,
13,1962,Marcello Mastroianni,Divorce Italian Style,M,
14,1962,Peter O'Toole,Lawrence of Arabia,M,
15,1963,Sidney Poitier ‡,Lilies of the Field,M,
16,1963,Albert Finney,Tom Jones,M,
17,1963,Richard Harris,This Sporting Life,M,
18,1963,Rex Harrison,Cleopatra,M,
19,1963,Paul Newman,Hud,M,
20,1964,Rex Harrison ‡,My Fair Lady,M,
21,1964,Richard Burton,Becket,M,
22,1964,Peter O'Toole,Becket,M,
23,1964,Anthony Quinn,Zorba the Greek,M,
24,1964,Peter Sellers,"Dr. Strangelove, or: How I Learned to Stop Worrying and Love the Bomb",M,
25,1965,Lee Marvin ‡,Cat Ballou,M,
26,1965,Richard Burton,The Spy Who Came in from the Cold,M,
27,1965,Laurence Olivier,Othello,M,
28,1965,Rod Steiger,The Pawnbroker,M,
29,1965,Oskar Werner,Ship of Fools,M,
30,1966,Paul Scofield ‡,A Man for All Seasons,M,
31,1966,Alan Arkin,"The Russians Are Coming, the Russians Are Coming",M,
32,1966,Richard Burton,Who's Afraid of Virginia Woolf?,M,
33,1966,Michael Caine,Alfie,M,
34,1966,Steve McQueen,The Sand Pebbles,M,
35,1967,Rod Steiger ‡,In the Heat of the Night,M,
36,1967,Warren Beatty,Bonnie and Clyde,M,
37,1967,Dustin Hoffman,The Graduate,M,
38,1967,Paul Newman,Cool Hand Luke,M,
39,1967,Spencer Tracy †,Guess Who's Coming to Dinner,M,
40,1968,Cliff Robertson ‡,Charly,M,
41,1968,Alan Arkin,The Heart Is a Lonely Hunter,M,
42,1968,Alan Bates,The Fixer,M,
43,1968,Ron Moody,Oliver!,M,
44,1968,Peter O'Toole,The Lion in Winter,M,
45,1969,John Wayne ‡,True Grit,M,
46,1969,Richard Burton,Anne of the Thousand Days,M,
47,1969,Dustin Hoffman,Midnight Cowboy,M,
48,1969,Peter O'Toole,"Goodbye, Mr. Chips",M,
49,1969,Jon Voight,Midnight Cowboy,M,
0,1970,George C. Scott §[50],Patton,M,
1,1970,Melvyn Douglas,I Never Sang for My Father,M,
2,1970,James Earl Jones,The Great White Hope,M,
3,1970,Jack Nicholson,Five Easy Pieces,M,
4,1970,Ryan O'Neal,Love Story,M,
5,1971,Gene Hackman ‡,The French Connection,M,
6,1971,Peter Finch,Sunday Bloody Sunday,M,
7,1971,Walter Matthau,Kotch,M,
8,1971,George C. Scott,The Hospital,M,
9,1971,Topol,Fiddler on the Roof,M,
10,1972,Marlon Brando §[50],The Godfather,M,
11,1972,Michael Caine,Sleuth,M,
12,1972,Laurence Olivier,Sleuth,M,
13,1972,Peter O'Toole,The Ruling Class,M,
14,1972,Paul Winfield,Sounder,M,
15,1973,Jack Lemmon ‡,Save the Tiger,M,
16,1973,Marlon Brando,Last Tango in Paris,M,
17,1973,Jack Nicholson,The Last Detail,M,
18,1973,Al Pacino,Serpico,M,
19,1973,Robert Redford,The Sting,M,
20,1974,Art Carney ‡,Harry and Tonto,M,
21,1974,Albert Finney,Murder on the Orient Express,M,
22,1974,Dustin Hoffman,Lenny,M,
23,1974,Jack Nicholson,Chinatown,M,
24,1974,Al Pacino,The Godfather Part II,M,
25,1975,Jack Nicholson ‡,One Flew Over the Cuckoo's Nest,M,
26,1975,Walter Matthau,The Sunshine Boys,M,
27,1975,Al Pacino,Dog Day Afternoon,M,
28,1975,Maximilian Schell,The Man in the Glass Booth,M,
29,1975,James Whitmore,"Give 'em Hell, Harry!",M,
30,1976,Peter Finch †,Network,M,
31,1976,Robert De Niro,Taxi Driver,M,
32,1976,Giancarlo Giannini,Seven Beauties,M,
33,1976,William Holden,Network,M,
34,1976,Sylvester Stallone,Rocky,M,
35,1977,Richard Dreyfuss ‡,The Goodbye Girl,M,
36,1977,Woody Allen,Annie Hall,M,
37,1977,Richard Burton,Equus,M,
38,1977,Marcello Mastroianni,A Special Day,M,
39,1977,John Travolta,Saturday Night Fever,M,
40,1978,Jon Voight ‡,Coming Home,M,
41,1978,Warren Beatty,Heaven Can Wait,M,
42,1978,Gary Busey,The Buddy Holly Story,M,
43,1978,Robert De Niro,The Deer Hunter,M,
44,1978,Laurence Olivier,The Boys from Brazil,M,
45,1979,Dustin Hoffman ‡,Kramer vs. Kramer,M,
46,1979,Jack Lemmon,The China Syndrome,M,
47,1979,Al Pacino,...And Justice for All,M,
48,1979,Roy Scheider,All That Jazz,M,
49,1979,Peter Sellers,Being There,M,
0,1980,Robert De Niro ‡,Raging Bull,M,
1,1980,Robert Duvall,The Great Santini,M,
2,1980,John Hurt,The Elephant Man,M,
3,1980,Jack Lemmon,Tribute,M,
4,1980,Peter O'Toole,The Stunt Man,M,
5,1981,Henry Fonda ‡,On Golden Pond,M,
6,1981,Warren Beatty,Reds,M,
7,1981,Burt Lancaster,Atlantic City,M,
8,1981,Dudley Moore,Arthur,M,
9,1981,Paul Newman,Absence of Malice,M,
10,1982,Ben Kingsley ‡,Gandhi,M,
11,1982,Dustin Hoffman,Tootsie,M,
12,1982,Jack Lemmon,Missing,M,
13,1982,Paul Newman,The Verdict,M,
14,1982,Peter O'Toole,My Favorite Year,M,
15,1983,Robert Duvall ‡,Tender Mercies,M,
16,1983,Michael Caine,Educating Rita,M,
17,1983,Tom Conti,"Reuben, Reuben",M,
18,1983,Tom Courtenay,The Dresser,M,
19,1983,Albert Finney,The Dresser,M,
20,1984,F. Murray Abraham ‡,Amadeus,M,
21,1984,Jeff Bridges,Starman,M,
22,1984,Albert Finney,Under the Volcano,M,
23,1984,Tom Hulce,Amadeus,M,
24,1984,Sam Waterston,The Killing Fields,M,
25,1985,William Hurt ‡,Kiss of the Spider Woman,M,
26,1985,Harrison Ford,Witness,M,
27,1985,James Garner,Murphy's Romance,M,
28,1985,Jack Nicholson,Prizzi's Honor,M,
29,1985,Jon Voight,Runaway Train,M,
30,1986,Paul Newman ‡,The Color of Money,M,
31,1986,Dexter Gordon,Round Midnight,M,
32,1986,Bob Hoskins,Mona Lisa,M,
33,1986,William Hurt,Children of a Lesser God,M,
34,1986,James Woods,Salvador,M,
35,1987,Michael Douglas ‡,Wall Street,M,
36,1987,William Hurt,Broadcast News,M,
37,1987,Marcello Mastroianni,Dark Eyes,M,
38,1987,Jack Nicholson,Ironweed,M,
39,1987,Robin Williams,"Good Morning, Vietnam",M,
40,1988,Dustin Hoffman ‡,Rain Man,M,
41,1988,Gene Hackman,Mississippi Burning,M,
42,1988,Tom Hanks,Big,M,
43,1988,Edward James Olmos,Stand and Deliver,M,
44,1988,Max von Sydow,Pelle the Conqueror,M,
45,1989,Daniel Day-Lewis ‡,My Left Foot,M,
46,1989,Kenneth Branagh,Henry V,M,
47,1989,Tom Cruise,Born on the Fourth of July,M,
48,1989,Morgan Freeman,Driving Miss Daisy,M,
49,1989,Robin Williams,Dead Poets Society,M,
0,1990,Jeremy Irons ‡,Reversal of Fortune,M,
1,1990,Kevin Costner,Dances with Wolves,M,
2,1990,Robert De Niro,Awakenings,M,
3,1990,Gérard Depardieu,Cyrano de Bergerac,M,
4,1990,Richard Harris,The Field,M,
5,1991,Anthony Hopkins ‡,The Silence of the Lambs,M,
6,1991,Warren Beatty,Bugsy,M,
7,1991,Robert De Niro,Cape Fear,M,
8,1991,Nick Nolte,The Prince of Tides,M,
9,1991,Robin Williams,The Fisher King,M,
10,1992,Al Pacino ‡,Scent of a Woman,M,
11,1992,Robert Downey Jr.,Chaplin,M,
12,1992,Clint Eastwood,Unforgiven,M,
13,1992,Stephen Rea,The Crying Game,M,
14,1992,Denzel Washington,Malcolm X,M,
15,1993,Tom Hanks ‡,Philadelphia,M,
16,1993,Daniel Day-Lewis,In the Name of the Father,M,
17,1993,Laurence Fishburne,What's Love Got to Do with It,M,
18,1993,Anthony Hopkins,The Remains of the Day,M,
19,1993,Liam Neeson,Schindler's List,M,
20,1994,Tom Hanks ‡,Forrest Gump,M,
21,1994,Morgan Freeman,The Shawshank Redemption,M,
22,1994,Nigel Hawthorne,The Madness of King George,M,
23,1994,Paul Newman,Nobody's Fool,M,
24,1994,John Travolta,Pulp Fiction,M,
25,1995,Nicolas Cage ‡,Leaving Las Vegas,M,
26,1995,Richard Dreyfuss,Mr. Holland's Opus,M,
27,1995,Anthony Hopkins,Nixon,M,
28,1995,Sean Penn,Dead Man Walking,M,
29,1995,Massimo Troisi †,Il Postino: The Postman,M,
30,1996,Geoffrey Rush ‡,Shine,M,
31,1996,Tom Cruise,Jerry Maguire,M,
32,1996,Ralph Fiennes,The English Patient,M,
33,1996,Woody Harrelson,The People vs. Larry Flynt,M,
34,1996,Billy Bob Thornton,Sling Blade,M,
35,1997,Jack Nicholson ‡,As Good as It Gets,M,
36,1997,Matt Damon,Good Will Hunting,M,
37,1997,Robert Duvall,The Apostle,M,
38,1997,Peter Fonda,Ulee's Gold,M,
39,1997,Dustin Hoffman,Wag the Dog,M,
40,1998,Roberto Benigni ‡,Life Is Beautiful,M,
41,1998,Tom Hanks,Saving Private Ryan,M,
42,1998,Ian McKellen,Gods and Monsters,M,
43,1998,Nick Nolte,Affliction,M,
44,1998,Edward Norton,American History X,M,
45,1999,Kevin Spacey ‡,American Beauty,M,
46,1999,Russell Crowe,The Insider,M,
47,1999,Richard Farnsworth,The Straight Story,M,
48,1999,Sean Penn,Sweet and Lowdown,M,
49,1999,Denzel Washington,The Hurricane,M,
0,2000,Russell Crowe ‡,Gladiator,M,
1,2000,Javier Bardem,Before Night Falls,M,
2,2000,Tom Hanks,Cast Away,M,
3,2000,Ed Harris,Pollock,M,
4,2000,Geoffrey Rush,Quills,M,
5,2001,Denzel Washington ‡,Training Day,M,
6,2001,Russell Crowe,A Beautiful Mind,M,
7,2001,Sean Penn,I Am Sam,M,
8,2001,Will Smith,Ali,M,
9,2001,Tom Wilkinson,In the Bedroom,M,
10,2002,Adrien Brody ‡,The Pianist,M,
11,2002,Nicolas Cage,Adaptation.,M,
12,2002,Michael Caine,The Quiet American,M,
13,2002,Daniel Day-Lewis,Gangs of New York,M,
14,2002,Jack Nicholson,About Schmidt,M,
15,2003,Sean Penn ‡,Mystic River,M,
16,2003,Johnny Depp,Pirates of the Caribbean: The Curse of the Black Pearl,M,
17,2003,Ben Kingsley,House of Sand and Fog,M,
18,2003,Jude Law,Cold Mountain,M,
19,2003,Bill Murray,Lost in Translation,M,
20,2004,Jamie Foxx ‡,Ray,M,
21,2004,Don Cheadle,Hotel Rwanda,M,
22,2004,Johnny Depp,Finding Neverland,M,
23,2004,Leonardo DiCaprio,The Aviator,M,
24,2004,Clint Eastwood,Million Dollar Baby,M,
25,2005,Philip Seymour Hoffman ‡,Capote,M,
26,2005,Terrence Howard,Hustle & Flow,M,
27,2005,Heath Ledger,Brokeback Mountain,M,
28,2005,Joaquin Phoenix,Walk the Line,M,
29,2005,David Strathairn,"Good Night, and Good Luck.",M,
30,2006,Forest Whitaker ‡,The Last King of Scotland,M,
31,2006,Leonardo DiCaprio,Blood Diamond,M,
32,2006,Ryan Gosling,Half Nelson,M,
33,2006,Peter O'Toole,Venus,M,
34,2006,Will Smith,The Pursuit of Happyness,M,
35,2007,Daniel Day-Lewis ‡,There Will Be Blood,M,
36,2007,George Clooney,Michael Clayton,M,
37,2007,Johnny Depp,Sweeney Todd: The Demon Barber of Fleet Street,M,
38,2007,Tommy Lee Jones,In the Valley of Elah,M,
39,2007,Viggo Mortensen,Eastern Promises,M,
40,2008,Sean Penn ‡,Milk,M,
41,2008,Richard Jenkins,The Visitor,M,
42,2008,Frank Langella,Frost/Nixon,M,
43,2008,Brad Pitt,The Curious Case of Benjamin Button,M,
44,2008,Mickey Rourke,The Wrestler,M,
45,2009,Jeff Bridges ‡,Crazy Heart,M,
46,2009,George Clooney,Up in the Air,M,
47,2009,Colin Firth,A Single Man,M,
48,2009,Morgan Freeman,Invictus,M,
49,2009,Jeremy Renner,The Hurt Locker,M,
0,2010,Colin Firth ‡,The King's Speech,M,
1,2010,Javier Bardem,Biutiful,M,
2,2010,Jeff Bridges,True Grit,M,
3,2010,Jesse Eisenberg,The Social Network,M,
4,2010,James Franco,127 Hours,M,
5,2011,Jean Dujardin ‡,The Artist,M,
6,2011,Demián Bichir,A Better Life,M,
7,2011,George Clooney,The Descendants,M,
8,2011,Gary Oldman,Tinker Tailor Soldier Spy,M,
9,2011,Brad Pitt,Moneyball,M,
10,2012,Daniel Day-Lewis ‡,Lincoln,M,
11,2012,Bradley Cooper,Silver Linings Playbook,M,
12,2012,Hugh Jackman,Les Misérables,M,
13,2012,Joaquin Phoenix,The Master,M,
14,2012,Denzel Washington,Flight,M,
15,2013,Matthew McConaughey ‡,Dallas Buyers Club,M,
16,2013,Christian Bale,American Hustle,M,
17,2013,Bruce Dern,Nebraska,M,
18,2013,Leonardo DiCaprio,The Wolf of Wall Street,M,
19,2013,Chiwetel Ejiofor,12 Years a Slave,M,
20,2014,Eddie Redmayne ‡,The Theory of Everything,M,
21,2014,Steve Carell,Foxcatcher,M,
22,2014,Bradley Cooper,American Sniper,M,
23,2014,Benedict Cumberbatch,The Imitation Game,M,
24,2014,Michael Keaton,Birdman,M,
25,2015,Leonardo DiCaprio ‡,The Revenant,M,
26,2015,Bryan Cranston,Trumbo,M,
27,2015,Matt Damon,The Martian,M,
28,2015,Michael Fassbender,Steve Jobs,M,
29,2015,Eddie Redmayne,The Danish Girl,M,
30,2016,Casey Affleck ‡,Manchester by the Sea,M,
31,2016,Andrew Garfield,Hacksaw Ridge,M,
32,2016,Ryan Gosling,La La Land,M,
33,2016,Viggo Mortensen,Captain Fantastic,M,
34,2016,Denzel Washington,Fences,M,
35,2017,Gary Oldman ‡,Darkest Hour,M,
36,2017,Timothée Chalamet,Call Me by Your Name,M,
37,2017,Daniel Day-Lewis,Phantom Thread,M,
38,2017,Daniel Kaluuya,Get Out,M,
39,2017,Denzel Washington,"Roman J. Israel, Esq.",M,
40,2018,Rami Malek ‡,Bohemian Rhapsody,M,
41,2018,Christian Bale,Vice,M,
42,2018,Bradley Cooper,A Star Is Born,M,
43,2018,Willem Dafoe,At Eternity's Gate,M,
44,2018,Viggo Mortensen,Green Book,M,
45,2019,Joaquin Phoenix ‡,Joker,M,
46,2019,Antonio Banderas,Pain and Glory,M,
47,2019,Leonardo DiCaprio,Once Upon a Time in Hollywood,M,
48,2019,Adam Driver,Marriage Story,M,
49,2019,Jonathan Pryce,The Two Popes,M,
0,2020,Anthony Hopkins ‡,The Father,M,
1,2020,Riz Ahmed,Sound of Metal,M,
2,2020,Chadwick Boseman †,Ma Rainey's Black Bottom,M,
3,2020,Gary Oldman,Mank,M,
4,2020,Steven Yeun,Minari,M,
5,2021,Will Smith ‡,King Richard,M,
6,2021,Javier Bardem,Being the Ricardos,M,
7,2021,Benedict Cumberbatch,The Power of the Dog,M,
8,2021,Andrew Garfield,"Tick, Tick... Boom!",M,
9,2021,Denzel Washington,The Tragedy of Macbeth,M,
10,2022,Brendan Fraser ‡,The Whale,M,
11,2022,Austin Butler,Elvis,M,
12,2022,Colin Farrell,The Banshees of Inisherin,M,
13,2022,Paul Mescal,Aftersun,M,
14,2022,Bill Nighy,Living,M,
15,2023,Bradley Cooper,Maestro,M,
16,2023,Colman Domingo,Rustin,M,
17,2023,Paul Giamatti,The Holdovers,M,
18,2023,Cillian Murphy,Oppenheimer,M,
19,2023,Jeffrey Wright,American Fiction,M,
0,1929,Emil Jannings,"The Last Command, The Way of All Flesh",M,44.0
1,1930,Warner Baxter,In Old Arizona,M,41.0
2,1931,George Arliss,Disraeli,M,62.0
3,1932,Lionel Barrymore,A Free Soul,M,53.0
4,1933,Wallace Beery,The Champ,M,47.0
5,1934,Fredric March,Dr. Jekyll and Mr. Hyde,M,35.0
6,1935,Charles Laughton,The Private Life of Henry VIII,M,34.0
7,1936,Clark Gable,It Happened One Night,M,34.0
8,1937,Victor McLaglen,The Informer	,M,49.0
9,1938,Paul Muni,The Story of Louis Pasteur	,M,41.0
10,1939,Spencer Tracy,Captains Courageous,M,37.0
11,1940,Spencer Tracy,Boys Town,M,38.0
12,1941,Robert Donat,"Goodbye, Mr. Chips	",M,34.0
13,1942,James Stewart,The Philadelphia Story,M,32.0
14,1943,Gary Cooper,Sergeant York,M,40.0
15,1944,James Cagney,Yankee Doodle Dandy	,M,43.0
16,1945,Paul Lukas,Watch on the Rhine	,M,48.0
17,1946,Bing Crosby,Going My Way,M,41.0
18,1947,Ray Milland,The Lost Weekend 	,M,39.0
19,1948,Fredric March,The Best Years of Our Lives,M,49.0
20,1949,Ronald Colman,A Double Life,M,57.0
21,1950,Laurence Olivier,Hamlet,M,41.0
22,1951,Broderick Crawford,All the King's Men,M,38.0
23,1952,José Ferrer,Cyrano de Bergerac,M,39.0
24,1953,Humphrey Bogart,The African Queen,M,52.0
25,1954,Gary Cooper,High Noon,M,51.0
26,1955,William Holden,Stalag 17,M,35.0
27,1956,Marlon Brando,On the Waterfront,M,30.0
28,1957,Ernest Borgnine,Marty,M,39.0
29,1958,Yul Brynner,The King and I,M,36.0
30,1959,Alec Guinness,The Bridge on the River Kwai,M,43.0
31,1960,David Niven,Separate Tables,M,49.0
32,1961,Charlton Heston,Ben-Hur,M,36.0
33,1962,Burt Lancaster,Elmer Gantry,M,47.0
34,1963,Maximilian Schell,Judgment at Nuremberg	,M,31.0
35,1964,Gregory Peck,To Kill a Mockingbird,M,47.0
36,1965,Sidney Poitier,Lilies of the Field,M,37.0
37,1966,Rex Harrison,My Fair Lady,M,57.0
38,1967,Lee Marvin,Cat Ballou	,M,42.0
39,1968,Paul Scofield,A Man for All Seasons,M,45.0
40,1969,Rod Steiger,In the Heat of the Night	,M,42.0
41,1970,Cliff Robertson,Charly,M,45.0
42,1971,John Wayne,True Grit,M,62.0
43,1972,George C. Scott,Patton,M,43.0
44,1973,Gene Hackman,The French Connection,M,42.0
45,1974,Marlon Brando,The Godfather,M,48.0
46,1975,Jack Lemmon,Save the Tiger,M,49.0
47,1976,Art Carney,Harry and Tonto,M,56.0
48,1977,Jack Nicholson,One Flew Over the Cuckoo's Nest,M,38.0
49,1978,Peter Finch,Network,M,60.0
50,1979,Richard Dreyfuss,The Goodbye Girl,M,30.0
51,1980,Jon Voight,Coming Home,M,40.0
52,1981,Dustin Hoffman,Kramer vs. Kramer,M,42.0
53,1982,Robert De Niro,Raging Bull,M,37.0
54,1983,Henry Fonda,On Golden Pond,M,76.0
55,1984,Ben Kingsley,Gandhi,M,39.0
56,1985,Robert Duvall,Tender Mercies,M,53.0
57,1986,F. Murray Abraham,Amadeus,M,45.0
58,1987,William Hurt,Kiss of the Spider Woman,M,36.0
59,1988,Paul Newman,The Color of Money,M,62.0
60,1989,Michael Douglas,Wall Street,M,43.0
61,1990,Dustin Hoffman,Rain Man,M,51.0
62,1991,Daniel Day-Lewis,My Left Foot,M,32.0
63,1992,Jeremy Irons,Reversal of Fortune,M,42.0
64,1993,Anthony Hopkins,The Silence of the Lambs,M,54.0
65,1994,Al Pacino,Scent of a Woman,M,52.0
66,1995,Tom Hanks,Philadelphia,M,37.0
67,1996,Tom Hanks,Forrest Gump,M,38.0
68,1997,Nicolas Cage,Leaving Las Vegas,M,32.0
69,1998,Geoffrey Rush,Shine,M,45.0
70,1999,Jack Nicholson,As Good as It Gets,M,60.0
71,2000,Roberto Benigni,Life Is Beautiful,M,46.0
72,2001,Kevin Spacey,American Beauty,M,40.0
73,2002,Russell Crowe,Gladiator,M,36.0
74,2003,Denzel Washington,Training Day	,M,47.0
75,2004,Adrien Brody,The Pianist,M,29.0
76,2005,Sean Penn,Mystic River,M,43.0
77,2006,Jamie Foxx,Ray,M,37.0
78,2007,Philip Seymour Hoffman,Capote,M,38.0
79,2008,Forest Whitaker,The Last King of Scotland	,M,45.0
80,2009,Daniel Day-Lewis,There Will Be Blood,M,50.0
81,2010,Sean Penn,Milk,M,48.0
82,2011,Jeff Bridges,Crazy Heart,M,60.0
83,2012,Colin Firth,The King's Speech	,M,50.0
84,2013,Jean Dujardin,The Artist,M,39.0
85,2014,Daniel Day-Lewis,Lincoln,M,55.0
86,2015,Matthew McConaughey,Dallas Buyers Club,M,44.0
87,2016,Eddie Redmayne,The Theory of Everything	,M,33.0
88,2017,Leonardo DiCaprio,The Revenant,M,41.0
